{
  "meta": {
    "magic": 480436863,
    "fileVersion": 6,
    "lengthInMs": 924143,
    "networkVersion": 2,
    "changelist": 16593740,
    "name": "Unsaved Replay",
    "isLive": false,
    "timestamp": "2021-06-11T20:14:35.762Z",
    "isCompressed": true
  },
  "header": {
    "magic": 754295101,
    "networkVersion": 16,
    "networkChecksum": 4038153416,
    "engineNetworkVersion": 18,
    "gameNetworkProtocol": 0,
    "id": "a63faa292cf06f46a67d109f48a1d733",
    "version": {
      "branch": "++Fortnite+Release-17.00",
      "major": 17,
      "minor": 0,
      "changelist": 16593740,
      "patch": 1
    },
    "levelNamesAndTimes": [
      {}
    ],
    "flags": 11,
    "gameSpecificData": [
      "SubGame=Athena"
    ]
  },
  "matchStats": {
    "accuracy": 0.1538461595773697,
    "assists": 0,
    "eliminations": 1,
    "weaponDamage": 137,
    "otherDamage": 0,
    "revives": 0,
    "damageTaken": 217,
    "damageToStructures": 19034,
    "materialsGathered": 1506,
    "materialsUsed": 1210,
    "totalTraveled": 3
  },
  "eliminations": [
    {
      "eliminated": {
        "id": "3342ce22284c466a8dabeebec4548762",
        "isBot": false
      },
      "eliminator": {
        "id": "745977aa348f468da4efcba29e860a7b",
        "isBot": false
      },
      "gunType": "22",
      "knocked": false,
      "timestamp": 129751
    },
    {
      "eliminated": {
        "id": "ef5166f0cc13433698e2f7bc75d38285",
        "isBot": false
      },
      "eliminator": {
        "id": "3f20d6f579db4e7ba71d80fc18576db2",
        "isBot": false
      },
      "gunType": "03",
      "knocked": false,
      "timestamp": 134531
    },
    {
      "eliminated": {
        "id": "ef3b7599300a45da926462053dcc6ce9",
        "isBot": false
      },
      "eliminator": {
        "id": "0a59a2663b3b48bcbd5e1eddd9a1160c",
        "isBot": false
      },
      "gunType": "06",
      "knocked": false,
      "timestamp": 174791
    },
    {
      "eliminated": {
        "id": "5a0cea07473943e396a431560fe466d2",
        "isBot": false
      },
      "eliminator": {
        "id": "dc5f1ef95a45411998118d49199b659a",
        "isBot": false
      },
      "gunType": "04",
      "knocked": false,
      "timestamp": 185071
    },
    {
      "eliminated": {
        "id": "1bec08aede6d43c491df8ec5d994d928",
        "isBot": false
      },
      "eliminator": {
        "id": "0a8d5366f1494ae4bd1b8f1300a26b59",
        "isBot": false
      },
      "gunType": "32",
      "knocked": false,
      "timestamp": 196131
    },
    {
      "eliminated": {
        "id": "0a59a2663b3b48bcbd5e1eddd9a1160c",
        "isBot": false
      },
      "eliminator": {
        "id": "d0ddcdc626df4a48855d8b997fb66691",
        "isBot": false
      },
      "gunType": "04",
      "knocked": false,
      "timestamp": 199514
    },
    {
      "eliminated": {
        "id": "ada9f4bbff764465bdffa4f4a784178d",
        "isBot": false
      },
      "eliminator": {
        "id": "4020490f0ce14c1d8cf3515bde60d271",
        "isBot": false
      },
      "gunType": "03",
      "knocked": false,
      "timestamp": 200090
    },
    {
      "eliminated": {
        "id": "fa9ce24e69b641178130adef050ad0af",
        "isBot": false
      },
      "eliminator": {
        "id": "4020490f0ce14c1d8cf3515bde60d271",
        "isBot": false
      },
      "gunType": "02",
      "knocked": false,
      "timestamp": 208128
    },
    {
      "eliminated": {
        "id": "24599acf86ad4af08df5a8d5ab2eb228",
        "isBot": false
      },
      "eliminator": {
        "id": "6bf5ece7deeb48698deba9325eab252d",
        "isBot": false
      },
      "gunType": "05",
      "knocked": false,
      "timestamp": 223807
    },
    {
      "eliminated": {
        "id": "f820d40e596442e39c234d6cdbefdcab",
        "isBot": false
      },
      "eliminator": {
        "id": "9cddd03d5c6d4f0db56abd6e40368ef1",
        "isBot": false
      },
      "gunType": "03",
      "knocked": false,
      "timestamp": 263437
    },
    {
      "eliminated": {
        "id": "d4b4db221de1400f9c434c677607bae1",
        "isBot": false
      },
      "eliminator": {
        "id": "745977aa348f468da4efcba29e860a7b",
        "isBot": false
      },
      "gunType": "04",
      "knocked": false,
      "timestamp": 271378
    },
    {
      "eliminated": {
        "id": "6e56502efa74461088915675dec44647",
        "isBot": false
      },
      "eliminator": {
        "id": "6bf5ece7deeb48698deba9325eab252d",
        "isBot": false
      },
      "gunType": "05",
      "knocked": false,
      "timestamp": 319842
    },
    {
      "eliminated": {
        "id": "0761ae0ed364436fb0f4a9af6d52ff57",
        "isBot": false
      },
      "eliminator": {
        "id": "dc5f1ef95a45411998118d49199b659a",
        "isBot": false
      },
      "gunType": "03",
      "knocked": false,
      "timestamp": 361794
    },
    {
      "eliminated": {
        "id": "2234d141777c477ea16441b14342db25",
        "isBot": false
      },
      "eliminator": {
        "id": "3f20d6f579db4e7ba71d80fc18576db2",
        "isBot": false
      },
      "gunType": "04",
      "knocked": false,
      "timestamp": 395652
    },
    {
      "eliminated": {
        "id": "3ad534032d3647299b9eb1e9f04f356e",
        "isBot": false
      },
      "eliminator": {
        "id": "dc5f1ef95a45411998118d49199b659a",
        "isBot": false
      },
      "gunType": "03",
      "knocked": false,
      "timestamp": 419162
    },
    {
      "eliminated": {
        "id": "c106caa0b74d4cf1b5055e285b78c1f7",
        "isBot": false
      },
      "eliminator": {
        "id": "67b9e7af5beb4b98ad8fce95896af2af",
        "isBot": false
      },
      "gunType": "01",
      "knocked": false,
      "timestamp": 442808
    },
    {
      "eliminated": {
        "id": "e9aeeb6fdc4745c787d74aaf79c24011",
        "isBot": false
      },
      "eliminator": {
        "id": "dc5f1ef95a45411998118d49199b659a",
        "isBot": false
      },
      "gunType": "03",
      "knocked": false,
      "timestamp": 465093
    },
    {
      "eliminated": {
        "id": "9179e6f5b46942319626c0458bbc34d8",
        "isBot": false
      },
      "eliminator": {
        "id": "d09128973318455fa20f2d245ffdc243",
        "isBot": false
      },
      "gunType": "04",
      "knocked": false,
      "timestamp": 538722
    },
    {
      "eliminated": {
        "id": "9cddd03d5c6d4f0db56abd6e40368ef1",
        "isBot": false
      },
      "eliminator": {
        "id": "7df445f245474468ab412307ac0337d4",
        "isBot": false
      },
      "gunType": "01",
      "knocked": false,
      "timestamp": 588326
    },
    {
      "eliminated": {
        "id": "3f20d6f579db4e7ba71d80fc18576db2",
        "isBot": false
      },
      "eliminator": {
        "id": "4020490f0ce14c1d8cf3515bde60d271",
        "isBot": false
      },
      "gunType": "03",
      "knocked": false,
      "timestamp": 620759
    },
    {
      "eliminated": {
        "id": "2e60d509f07c4d359d6e3903ec567861",
        "isBot": false
      },
      "eliminator": {
        "id": "6bf5ece7deeb48698deba9325eab252d",
        "isBot": false
      },
      "gunType": "06",
      "knocked": false,
      "timestamp": 634987
    },
    {
      "eliminated": {
        "id": "9bbef7b926ee450ca48fff782e12cbc5",
        "isBot": false
      },
      "eliminator": {
        "id": "d0ddcdc626df4a48855d8b997fb66691",
        "isBot": false
      },
      "gunType": "03",
      "knocked": false,
      "timestamp": 685563
    },
    {
      "eliminated": {
        "id": "68526a1977564fc59ed43004af8d6f98",
        "isBot": false
      },
      "eliminator": {
        "id": "68526a1977564fc59ed43004af8d6f98",
        "isBot": false
      },
      "gunType": "01",
      "knocked": false,
      "timestamp": 800499
    },
    {
      "eliminated": {
        "id": "c59508eabf844df5aae7fe87a5847673",
        "isBot": false
      },
      "eliminator": {
        "id": "87796caedb6347dc964d3d931033cd64",
        "isBot": false
      },
      "gunType": "08",
      "knocked": false,
      "timestamp": 833362
    },
    {
      "eliminated": {
        "id": "d0ddcdc626df4a48855d8b997fb66691",
        "isBot": false
      },
      "eliminator": {
        "id": "18e7a0e4dc564b7aa6ddf82e5569af37",
        "isBot": false
      },
      "gunType": "01",
      "knocked": false,
      "timestamp": 892202
    },
    {
      "eliminated": {
        "id": "7df445f245474468ab412307ac0337d4",
        "isBot": false
      },
      "eliminator": {
        "id": "d09128973318455fa20f2d245ffdc243",
        "isBot": false
      },
      "gunType": "03",
      "knocked": false,
      "timestamp": 917592
    }
  ]
}